144,Use Case Modeling (REQ3),86,1
146,Use Case Modeling (REQ3),86,1
145,Applying Use Case Templates,144,1
145,Use Case Modeling,86,2
157,Applying Use Case Templates,144,1
157,Use Case Modeling,86,2
158,Use Case Modeling (REQ3),86,1
163,Use Case Modeling (REQ3),86,1
164,Applying Use Case Templates,144,1
164,Use Case Modeling,86,2
165,Applying Use Case Templates,144,1
165,Use Case Modeling,86,2
166,Use Case Modeling (REQ3),86,1
166,Applying Use Case Templates,144,2
162,Use Case Modeling (REQ3),86,1
162,Appyling Use Case Templates,86,2
