"ModuleID","Description","AltModuleIdentifier","OrderID"
"144","Use Case Modeling (REQ3)","thilburn.2003.1","1"
"146","Use Case Modeling (REQ3)","thilburn.2003.1","1"
"145","Applying Use Case Templates","ssedighs.2005.1","1"
"145","Use Case Modeling","thilburn.2003.1","2"
"157","Applying Use Case Templates","ssedighs.2005.1","1"
"157","Use Case Modeling","thilburn.2003.1","2"
"158","Use Case Modeling (REQ3)","thilburn.2003.1","1"
"163","Use Case Modeling (REQ3)","thilburn.2003.1","1"
"164","Applying Use Case Templates","ssedighs.2005.1","1"
"164","Use Case Modeling","thilburn.2003.1","2"
"165","Applying Use Case Templates","ssedighs.2005.1","1"
"165","Use Case Modeling","thilburn.2003.1","2"
"166","Use Case Modeling (REQ3)","thilburn.2003.1","1"
"166","Applying Use Case Templates","ssedighs.2005.1","2"
"162","Use Case Modeling (REQ3)","Use Case Modeling (REQ3)","1"
"162","Appyling Use Case Templates","Applying Use Case Templates","2"
